id;start_date;end_date;language
1;2025-03-02T11:45:47;2025-03-03T11:30:58;SPANISH
2;2025-03-02T22:53:59;2025-03-02T12:39:46;FRENCH
3;2025-03-02T18:49:10;2025-03-03T08:56:28;ENGLISH
4;2025-03-03T04:05:43;2025-03-02T18:34:09;FRENCH
5;2025-03-02T18:48:28;2025-03-03T11:32:25;SPANISH
6;2025-03-03T05:06:51;2025-03-02T13:01:39;FRENCH
7;2025-03-03T00:23:50;2025-03-03T10:43:10;SPANISH
8;2025-03-02T18:19:04;2025-03-03T04:36:14;FRENCH
9;2025-03-02T18:53:01;2025-03-03T02:39:34;ENGLISH
10;2025-03-02T21:52:59;2025-03-03T10:07:29;ENGLISH
